Yard Code,Species Code,Species Latin,Sampled Area (ha),DBH,DBH Round,Latitude,Longitude,Index
Y1,ACPL,Acer Platanoides,0.021,16.2,16,,,1
Y1,ACPL,Acer Platanoides,0.021,21.3,21,,,2
Y1,ACPL,Acer Platanoides,0.021,14,14,,,3
Y1,THOC,Thuja Occidentalis,0.021,5.6,6,,,4
Y1,THOC,Thuja Occidentalis,0.021,5.7,6,,,5
Y1,THOC,Thuja Occidentalis,0.021,6.4,6,,,6
Y1,THOC,Thuja Occidentalis,0.021,6.4,6,,,7
Y1,THOC,Thuja Occidentalis,0.021,6.5,7,,,8
Y1,THOC,Thuja Occidentalis,0.021,5.4,5,,,9
Y1,THOC,Thuja Occidentalis,0.021,8.8,9,,,10
Y1,THOC,Thuja Occidentalis,0.021,5.3,5,,,11
Y1,THOC,Thuja Occidentalis,0.021,7,7,,,12
Y1,THOC,Thuja Occidentalis,0.021,8.3,8,,,13
Y1,THOC,Thuja Occidentalis,0.021,8.8,9,,,14
Y1,THOC,Thuja Occidentalis,0.021,4.8,5,,,15
Y1,THOC,Thuja Occidentalis,0.021,5.1,5,,,16
Y1,THOC,Thuja Occidentalis,0.021,6.5,7,,,17
Y1,THOC,Thuja Occidentalis,0.021,5.3,5,,,18
Y1,THOC,Thuja Occidentalis,0.021,6.2,6,,,19
Y1,THOC,Thuja Occidentalis,0.021,6.7,7,,,21
Y1,THOC,Thuja Occidentalis,0.021,7.3,7,,,22
Y1,SYVU,Syringa Vulgaris,0.021,15.8,16,,,23
Y1,SYVU,Syngria Vulgaris,0.021,15.8,16,,,24
Y2,ACPL,Acer Platanoides,0.034,17.5,18,,,25
Y2,ACNE,Acer Negundo,0.034,35,35,,,26
Y2,ACPL,Acer Platanoides,0.034,41.1,41,,,27
Y2,THOC,Thuja Occidentalis,0.034,10.6,11,,,28
Y3,QURO,Quercas Robur,0.015,9.2,9,,,29
Y3,SYRE,Syringa Reticulata,0.015,12.6,13,,,30
Y3,PRVI,Prunus Virginiana,0.015,11.1,11,,,31
Y3,THOC,Thuja Occidentalis,0.015,6.7,7,,,32
Y4,ACNE,Acer Negundo,0.025,42,42,,,33
Y4,ACNE,Acer Negundo,0.025,30.6,31,,,34
Y4,ACPA,Acer Palmatum,0.025,6.4,6,,,35
Y4,PHCO,Philadelphus Coronarius,0.025,5.8,6,,,36
Y5,ACPL,Acer Platanoides,0.026,57,57,,,37
Y5,EUAT,Euonymus Atropurpureus,0.026,16.4,16,,,38
Y5,THOC,Thuja Occidentalis,0.026,26,26,,,39
Y5,THOC,Thuja Occidentalis,0.026,18.3,18,,,40
Y5,ABBA,Abies Balsamea,0.026,16.5,17,,,41
Y5,PNST,Pinus Strobus,0.026,59.3,59,,,42
Y5,BEPO,Betula Populifolia,0.026,24.4,24,,,43
Y5,AMCA,Amelanchier Canadensis,0.026,4.6,5,,,44
Y5,ABBA,Abies Balsamea,0.026,8.1,8,,,45
Y6,THOC,Thuja Occidentalis,0.035,17.5,18,,,46
Y6,THOC,Thuja Occidentalis,0.035,17.5,18,,,47
Y6,THOC,Thuja Occidentalis,0.035,17.5,18,,,48
Y6,THOC,Thuja Occidentalis,0.035,17.5,18,,,49
Y6,THOC,Thuja Occidentalis,0.035,36.6,37,,,50
Y6,THOC,Thuja Occidentalis,0.035,36.6,37,,,51
Y6,THOC,Thuja Occidentalis,0.035,36.6,37,,,52
Y6,THOC,Thuja Occidentalis,0.035,36.6,37,,,53
Y6,SYVU,Syngria Vulgaris,0.035,11.5,12,,,54
Y6,SYVU,Syngria Vulgaris,0.035,15.7,16,,,55
Y8,ACPL,Acer Platanoides,0.016,26.1,26,,,56
Y8,TICO,TIlia Cordata,0.016,8.3,8,,,57
Y8,SYVU,Syringa Vulgaris,0.016,35.7,36,,,58
Y8,THOC,Thuja Occidentalis,0.016,10.4,10,,,59
Y8,THOC,Thuja Occidentalis,0.016,15.3,15,,,60
Y8,THOC,Thuja Occidentalis,0.016,8.3,8,,,61
Y9,ACPL,Acer Platanoides,0.013,43.1,43,,,62
Y9,ACPA,Acer Palmatum,0.013,10.6,11,,,63
Y9,THOC,Thuja Occidentalis,0.013,7.9,8,,,64
Y10,PYCO,Pyrus Communis,0.034,16.6,17,,,65
Y10,ULAM,Ulmus Americana,0.034,33.3,33,,,66
Y10,MADO,Malus Domestica,0.034,12.5,13,,,67
Y10,SYVU,Syringa Vulgaris,0.034,10.3,10,,,68
Y11,QUAL,Quercus Alba,0.035,18.5,19,,,69
Y11,PIGL,Picea Glauca,0.035,16.2,16,,,70
Y11,ABBA,Abies Balsamea,0.035,16.7,17,,,71
Y11,PRAV,Prunus Pensylvanica,0.035,29.8,30,,,73
Y11,SADI,Salix Discolor,0.035,70,70,,,74
Y11,LITU,Liriodendron Tulipifera,0.035,5.4,5,,,75
Y11,BENI,Betula Nigra,0.035,4.5,5,,,76
Y11,THOC,Thuja Occidentalis,0.035,7.1,7,,,77
Y11,THOC,Thuja Occidentalis,0.035,5.7,6,,,78
Y11,PIAB,Picea Abies,0.035,17.3,17,,,79
Y12,AMLA,Amelanchier Laevis,0.014,24.8,25,,,80
Y12,SYVU,Syringa Vulgaris,0.014,21.6,22,,,81
Y12,SYVU,Syringa Vulgaris,0.014,10.8,11,,,82
Y12,SYVU,Syringa Vulgaris,0.014,11.5,12,,,83
Y12,TACA,Taxus Canadensis,0.014,13.9,14,,,84
Y12,TACA,Taxus Canadensis,0.014,7.3,7,,,85
Y12,TACA,Taxus Canadensis,0.014,8.2,8,,,86
Y12,TACA,Taxus Canadensis,0.014,7.2,7,,,87
Y12,THOC,Thuja Occidentalis,0.014,6.3,6,,,88
Y12,ACPL,Acer Platanoides,0.014,25.3,25,,,89
Y13,CHNO,Chamaecyparis Nootkatensis,0.036,12.1,12,,,90
Y13,THOC,Thuja Occidentalis,0.036,8.6,9,,,91
Y13,RHTY,Rhus Typhina,0.036,17.9,18,,,92
Y13,THOC,Thuja Occidentalis,0.036,4.6,5,,,93
Y13,CTCO,Cotinus Coggygria,0.036,20.6,21,,,94
Y13,THOC,Thuja Occidentalis,0.036,12,12,,,95
Y13,THOC,Thuja Occidentalis,0.036,40.2,40,,,96
Y13,THOC,Thuja Occidentalis,0.036,6.8,7,,,97
Y13,THOC,Thuja Occidentalis,0.036,5.3,5,,,98
Y13,SYVU,Syngria Vulgaris,0.036,5.3,5,,,99
Y13,LIAM,Linnaea Amabilis,0.036,13.8,14,,,100
Y13,RHTY,Rhus Typhina,0.036,7.6,8,,,101
Y14,ACNE,Acer Negundo,0.012,29,29,,,102
Y15,ACSA,Acer Saccharinum,0.026,108.2,108,,,103
Y15,HYPA,Hydrangea Paniculata,0.026,11.7,12,,,104
Y15,THOC,Thuja Occidentalis,0.026,6.1,6,,,105
Y15,THOC,Thuja Occidentalis,0.026,11.1,11,,,106
Y15,THOC,Thuja Occidentalis,0.026,6,6,,,107
Y15,THOC,Thuja Occidentalis,0.026,11.7,12,,,108
Y15,SYVU,Syngria Vulgaris,0.026,46,46,,,109
Y16,QUMA,Quercus Macrocarpa,0.022,60.6,61,,,110
Y16,ACPL,Acer Platanoides,0.022,63.1,63,,,111
Y16,ACFR,Acer Freemannii,0.022,71.6,72,,,112
Y16,PIPU,Picea Pungens,0.022,43.7,44,,,113
Y17,PIAB,Picea Abies,0.045,15.8,16,,,114
Y17,PIAB,Picea Abies,0.045,15.6,16,,,115
Y17,PIAB,Picea Abies,0.045,24.5,25,,,116
Y17,PIAB,Picea Abies,0.045,21.5,22,,,117
Y17,PIAB,Picea Abies,0.045,17.2,17,,,118
Y17,ACFR,Acer Freemannii,0.045,55.9,56,,,119
Y17,ACPL,Acer Platanoides,0.045,35,35,,,120
Y17,ACPL,Acer Platanoides,0.045,14.3,14,,,121
Y17,PHCO,Philadelphus Coronarius,0.045,11.2,11,,,122
Y18,FRPE,Fraxinus Pennsylvanica,0.023,44.9,45,,,123
Y18,ULAM,Ulmus Americana,0.023,49,49,,,124
Y18,FRPE,Fraxinus Pennsylvanica,0.023,76.2,76,,,125
Y19,PIAB,Picea Abies,0.041,41.1,41,,,126
Y19,THOC,Thuja Occidentalis,0.041,91.7,92,,,127
Y19,THOC,Thuja Occidentalis,0.041,43.9,44,,,128
Y19,MGXXSO,Magnolia x Soulangeana,0.041,6.7,7,,,129
Y19,CTCO,Cotinus Coggygria,0.041,19.8,20,,,130
Y20,PNST,Pinus Strobus,0.045,57.6,58,,,131
Y20,PIRU,Picea Rubens,0.045,30.7,31,,,132
Y20,EUAL,Euonymous Alatus,0.045,31.3,31,,,133
Y20,THOC,Thuja Occidentalis,0.045,33.1,33,,,134
Y20,THOC,Thuja Occidentalis,0.045,17,17,,,135
Y21,BEPA,Betula Papyrifera,0.028,74.3,74,,,136
Y21,ACPA,Acer Palmatum,0.028,5.3,5,,,137
Y22,PIAB,Picea Abies,0.039,56.6,57,,,138
Y22,THOC,Thuja Occidentalis,0.039,5.2,5,,,139
Y22,THOC,Thuja Occidentalis,0.039,7,7,,,140
Y23,BEPA,Betula Papyrifera,0.027,69,69,,,141
Y23,ACPA,Acer Palmatum,0.027,30.1,30,,,142
Y23,THOC,Thuja Occidentalis,0.027,8.3,8,,,143
Y23,THOC,Thuja Occidentalis,0.027,17.6,18,,,144
Y23,PIRU,Picea Rubens,0.027,19.1,19,,,145
Y24,CAAR,"Caragana Arborescens ""pendula""",0.014,6.35,6,,,146
Y24,CTCO,"Cotinus ""Royal Purple""",0.027,5.1,5,,,147
Y24,THOC,Thuja Occidentalis,0.027,5.1,5,,,148
Y24,THOC,Thuja Occidentalis,0.027,5.1,5,,,149
Y24,THOC,Thuja Occidentalis,0.027,7,7,,,150
Y24,ACRU,Acer Rubrum,0.027,40.6,41,,,151
Y24,ACRU,Acer Rubrum,0.027,33,33,,,152
Y24,PRPA,Prunus Padus,0.027,12.7,13,,,153
Y24,THOC,Thuja Occidentalis,0.027,15.2,15,,,154
Y24,THOC,Thuja Occidentalis,0.027,7.6,8,,,155
Y24,THOC,Thuja Occidentalis,0.027,8.9,9,,,156
Y24,ACRU,Acer Rubrum,0.027,53.3,53,,,157
Y24,THOC,Thuja Occidentalis,0.027,10.1,10,,,158
Y24,THOC,Thuja Occidentalis,0.027,7.6,8,,,159
Y24,THOC,Thuja Occidentalis,0.027,7.6,8,,,160
Y24,ACSA,Acer Saccharinum,0.027,21.6,22,,,161
Y24,ACSA,Acer Saccharinum,0.027,61,61,,,162
Y24,ACSA,Acer Saccharinum,0.027,30.5,31,,,163
Y24,PIAB,Picea Abies,0.027,66,66,,,164
Y24,PRVISC,Prunus Virginiana 'Schubert',0.027,12.7,13,,,165
Y24,THOC,Thuja Occidentalis,0.027,15.8,16,,,166
Y24,THOC,Thuja Occidentalis,0.027,19.1,19,,,167
Y25,SYRE,Syringa Reticulata,0.029,10.5,11,,,168
Y25,ACNE,Acer Negundo,0.029,13.4,13,,,169
Y25,CEOC,Celtis Occidentalis,0.029,8,8,,,170
Y26,THOC,Thuja Occidentalis,0.014,55.3,55,,,171
Y26,THOC,Thuja Occidentalis,0.014,17.8,18,,,172
Y27,PRCR,Prunus Cerasus 'Montmorency',0.025,22.8,23,,,173
Y27,SYVU,Syringa Vulgaris,0.025,7.5,8,,,174
Y27,PIPU,Picea Pungens,0.025,31.2,31,,,175
Y27,PIPU,Picea Pungens,0.025,54.4,54,,,176
Y27,AMCA,Amelanchier Canadensis,0.025,23.2,23,,,177
Y28,ACPL,Acer Platanoides,0.037,30.8,31,,,178
Y28,ACPL,Acer Platanoides,0.037,31.4,31,,,179
Y28,PIGL,Picea Glauca,0.037,35,35,,,180
Y28,ACPL,Acer Platanoides,0.037,14,14,,,181
Y28,ACPL,Acer Platanoides,0.037,32.2,32,,,182
Y28,FRAM,Fraxinus Americana,0.037,62.1,62,,,183
Y28,ACSA,Acer Saccharinum,0.037,32.3,32,,,184
Y28,TACA,Taxus Canadensis,0.037,16.4,16,,,185
Y29,PIRU,Picea Rubens,0.042,57.1,57,,,186
Y29,RHTY,Rhus Typhina,0.042,7.6,8,,,187
Y29,THOC,Thuja Occidentalis,0.042,14.6,15,,,188
Y29,JUCO,Juniperus Communis,0.042,7.7,8,,,189
Y29,MGXXSN,Magnolia x Sunsation ,0.042,16.7,17,,,190
Y29,THOC,Thuja Occidentalis,0.042,7.1,7,,,191
Y29,THOC,Thuja Occidentalis,0.042,5,5,,,192
Y29,TACA,Taxus Canadensis,0.042,6.4,6,,,193
Y29,TACA,Taxus Canadensis,0.042,6.5,7,,,194
Y30,MOAL,Morus Alba,0.028,17.5,18,,,195
Y31,ACPL,Acer Platanoides,0.021,40.4,40,,,196
Y31,ACPL,Acer Platanoides,0.021,17.4,17,,,197
Y31,ACPL,Acer Platanoides,0.021,7.3,7,,,198
Y31,ACPL,Acer Platanoides,0.021,30.7,31,,,199
Y31,ACPL,Acer Platanoides,0.021,17,17,,,200
Y31,ACPL,Acer Platanoides,0.021,40.4,40,,,201
Y32,MASY,Malus Sylvestris,0.023,36.4,36,,,202
Y32,SYVU,Syringa Vulgaris,0.023,13.8,14,,,203
Y32,THOC,Thuja Occidentalis,0.023,12.9,13,,,204
Y32,THOC,Thuja Occidentalis,0.023,21.4,21,,,205
Y32,THOC,Thuja Occidentalis,0.023,7.7,8,,,206
Y32,THOC,Thuja Occidentalis,0.023,5.1,5,,,207
Y32,THOC,Thuja Occidentalis,0.023,4.7,5,,,208
Y33,SYRE,Syringa Reticulata,0.036,20.1,20,,,209
Y33,ACSC,Acer Saccharum,0.036,53.2,53,,,210
Y33,ACSA,Acer Saccharinum,0.036,58.9,59,,,211
Y33,ACSA,Acer Saccharinum,0.036,62.1,62,,,212
Y33,ACSA,Acer Saccharinum,0.036,84.7,85,,,213
Y33,PIPU,Picea Pungens,0.036,16.6,17,,,214
Y33,ACPL,Acer Platanoides,0.036,59.2,59,,,215
Y33,PIPU,Picea Pungens,0.036,48.3,48,,,216
Y33,THOC,Thuja Occidentalis,0.036,12.3,12,,,217
Y33,THOC,Thuja Occidentalis,0.036,6.1,6,,,218
Y33,THOC,Thuja Occidentalis,0.036,18.7,19,,,219
Y33,TACA,Taxus Canadensis,0.036,20.4,20,,,220
Y34,ACSA,Acer Saccharinum,0.012,74.2,74,,,221
Y34,THOC,Thuja Occidentalis,0.012,12.6,13,,,222
Y34,THOC,Thuja Occidentalis,0.012,13.9,14,,,223
Y35,PIAB,Picea Abies,0.018,33.4,33,,,224
Y35,ACPL,Acer Platanoides,0.018,51.9,52,,,225
Y35,ACNE,Acer Negundo,0.018,28.6,29,,,226
Y35,JURE,Juglans Regia,0.018,5.9,6,,,227
Y35,EUAL,Euonymous Alatus,0.018,8.5,9,,,228
Y36,PIRU,Picea Rubens,0.026,28.7,29,,,229
Y36,FRPE,Fraxinus Pennsylvanica,0.026,70.7,71,,,230
Y36,FRPE,Fraxinus Pennsylvanica,0.026,55,55,,,231
Y36,AMGR,Amelanchier x Grandiflora,0.026,5.5,6,,,232
Y37,ACNE,Acer Negundo,0.012,57.9,58,,,233
Y37,TACA,Taxus Canadensis,0.012,7.8,8,,,234
Y40,ULPU,Ulmus Pumila,0.035,68.8,69,,,235
Y40,ACPL,Acer Platanoides,0.035,32.6,33,,,236
Y40,THOC,Thuja Occidentalis,0.035,8.1,8,,,237
Y40,THOC,Thuja Occidentalis,0.035,29.3,29,,,238
Y40,PIGL,Picea Glauca,0.035,44.8,45,,,239
Y40,PIRU,Picea Rubens,0.035,45,45,,,240
Y40,SYRE,Syringa Reticulata,0.035,17.6,18,,,241
Y40,MASY,Malus Sylvestris,0.035,35.3,35,,,242
Y40,CEOC,Celtis Occidentalis,0.035,9.1,9,,,243
Y40,FRAM,Fraxinus Americana,0.035,60.4,60,,,244
Y40,PIPU,Picea Pungens,0.035,26.8,27,,,245
Y40,TACA,Taxus Canadensis,0.035,18.2,18,,,246
Y40,THOC,Thuja Occidentalis,0.035,16.1,16,,,247
Y40,THOC,Thuja Occidentalis,0.035,37.6,38,,,248
Y40,THOC,Thuja Occidentalis,0.035,23.1,23,,,249
Y40,AMCA,Canadian Serviceberry,0.035,16.1,16,,,250
Y40,THOC,Thuja Occidentalis,0.035,11,11,,,251
Y40,THOC,Thuja Occidentalis,0.035,10.1,10,,,252
Y40,THOC,Thuja Occidentalis,0.035,10.2,10,,,253
Y40,THOC,Thuja Occidentalis,0.035,10.3,10,,,254
Y40,THOC,Thuja Occidentalis,0.035,5.5,6,,,255
Y40,THOC,Thuja Occidentalis,0.035,11.9,12,,,256
Y40,THOC,Thuja Occidentalis,0.035,8.8,9,,,257
Y40,THOC,Thuja Occidentalis,0.035,8.8,9,,,258
Y40,THOC,Thuja Occidentalis,0.035,8.8,9,,,259
Y40,THOC,Thuja Occidentalis,0.035,8.8,9,,,260
Y40,THOC,Thuja Occidentalis,0.035,11.1,11,,,261
Y40,THOC,Thuja Occidentalis,0.035,11.5,12,,,262
Y40,THOC,Thuja Occidentalis,0.035,16.8,17,,,263
Y40,THOC,Thuja Occidentalis,0.035,6.5,7,,,264
Y42,ACSA,Acer Saccharinum,0.016,231.6,232,,,265
Y42,ROPS,Robinia Pseudoacacia,0.016,8.3,8,,,266
Y43,ULAM,Ulmus Americana,0.03,55.7,56,,,267
Y43,PIGL,Picea Glauca,0.03,43,43,,,268
Y43,ULPU,Ulmus Pumila,0.03,68.4,68,,,269
Y44,QUBI,Quercus Bicolor,0.018,103.5,104,,,270
Y44,TACA,Taxus Canadensis,0.018,5.6,6,,,271
Y44,PIRU,Picea Rubens,0.018,5.6,6,,,272
Y45,ACPL,Acer Platanoides,0.011,81.6,82,,,273
Y45,ACPL,Acer Platanoides,0.011,151.2,151,,,274
Y45,LOXY,Lonicera Xylosteum,0.011,25.5,26,,,275
Y45,ACPL,Acer Platanoides,0.011,47.8,48,,,276
Y46,PIRU,Picea Rubens,0.07,44.3,44,,,277
Y46,FRPE,Fraxinus Pennsylvanica,0.07,7.8,8,,,278
Y46,ACPL,Acer Platanoides,0.07,28.6,29,,,279
Y46,ACPL,Acer Platanoides,0.07,17.5,18,,,280
Y46,ACPL,Acer Platanoides,0.07,5.5,6,,,281
Y46,ACNE,Acer Negundo,0.07,52.2,52,,,282
Y46,ACPL,Acer Platanoides,0.07,7.6,8,,,283
Y46,ACPL,Acer Platanoides,0.07,5,5,,,284
Y46,ACPL,Acer Platanoides,0.07,7.3,7,,,285
Y46,ACPL,Acer Platanoides,0.07,6.8,7,,,286
Y46,ACPL,Acer Platanoides,0.07,29.5,30,,,287
Y46,ACPL,Acer Platanoides,0.07,7.6,8,,,288
Y46,ACPL,Acer Platanoides,0.07,14.8,15,,,289
Y46,ULXXFR,Ulmus 'Frontier',0.07,44.1,44,,,290
Y46,ACPL,Acer Platanoides,0.07,144,144,,,291
Y46,THOC,Thuja Occidentalis,0.07,7.5,8,,,292
Y46,THOC,Thuja Occidentalis,0.07,5.3,5,,,293
Y46,THOC,Thuja Occidentalis,0.07,10.8,11,,,294
Y46,THOC,Thuja Occidentalis,0.07,6.2,6,,,295
Y46,THOC,Thuja Occidentalis,0.07,10.3,10,,,296
Y46,THOC,Thuja Occidentalis,0.07,5.8,6,,,297
Y46,THOC,Thuja Occidentalis,0.07,6,6,,,298
Y46,THOC,Thuja Occidentalis,0.07,7.6,8,,,299
Y46,THOC,Thuja Occidentalis,0.07,9.6,10,,,300
Y46,THOC,Thuja Occidentalis,0.07,10.3,10,,,301
Y46,THOC,Thuja Occidentalis,0.07,19.9,20,,,302
Y46,THOC,Thuja Occidentalis,0.07,11.3,11,,,303
Y46,THOC,Thuja Occidentalis,0.07,7.7,8,,,304
Y46,THOC,Thuja Occidentalis,0.07,9.8,10,,,305
Y46,THOC,Thuja Occidentalis,0.07,14.9,15,,,306
Y46,THOC,Thuja Occidentalis,0.07,7.6,8,,,307
Y46,THOC,Thuja Occidentalis,0.07,13.7,14,,,308
Y46,THOC,Thuja Occidentalis,0.07,10.7,11,,,309
Y46,THOC,Thuja Occidentalis,0.07,8.5,9,,,310
Y46,THOC,Thuja Occidentalis,0.07,17.4,17,,,311
Y46,THOC,Thuja Occidentalis,0.07,13.2,13,,,312
Y46,THOC,Thuja Occidentalis,0.07,5.6,6,,,313
Y46,THOC,Thuja Occidentalis,0.07,7.4,7,,,314
Y46,THOC,Thuja Occidentalis,0.07,12.1,12,,,315
Y46,ACPA,Acer Palmatum,0.07,7.5,8,,,316
Y46,JUVI,Juniperus Virginiana,0.07,4.5,5,,,317
Y46,ABBA,Abies Balsamea,0.07,5.2,5,,,318
Y47,MADO,Malus Domestica,0.018,27.3,27,,,319
Y47,MADO,Malus Domestica,0.018,39.3,39,,,320
Y47,THOC,Thuja Occidentalis,0.018,45.7,46,,,321
Y47,THOC,Thuja Occidentalis,0.018,6.3,6,,,322
Y47,THOC,Thuja Occidentalis,0.018,5.6,6,,,323
Y47,THOC,Thuja Occidentalis,0.018,13.7,14,,,324
Y47,THOC,Thuja Occidentalis,0.018,6.2,6,,,325
Y47,THOC,Thuja Occidentalis,0.018,10.5,11,,,326
Y47,THOC,Thuja Occidentalis,0.018,6.4,6,,,327
Y47,THOC,Thuja Occidentalis,0.018,5.7,6,,,328
Y47,THOC,Thuja Occidentalis,0.018,5.2,5,,,329
Y47,THOC,Thuja Occidentalis,0.018,5.8,6,,,330
Y47,THOC,Thuja Occidentalis,0.018,5,5,,,331
Y48,ACNE,Acer Negundo,0.017,41.6,42,,,332
Y48,ACNE,Acer Negundo,0.017,35.8,36,,,333
Y48,ACNE,Acer Negundo,0.017,41.7,42,,,334
Y48,TIAM,Tilia Americana,0.017,14.6,15,,,335
Y48,SYVU,Syringa Vulgaris,0.017,45.2,45,,,336
Y48,SYVU,Syringa Vulgaris,0.017,33.9,34,,,337
Y48,SYVU,Syringa Vulgaris,0.017,6.7,7,,,338
Y49,SYVU,Syringa Vulgaris,0.007,65.8,66,,,339
Y50,CACO,Carya Cordiformis,0.018,103.5,104,,,340
Y50,CACO,Carya Cordiformis,0.018,66.9,67,,,341
Y50,THOC,Thuja Occidentalis,0.018,13.9,14,,,342
Y50,THOC,Thuja Occidentalis,0.018,7.3,7,,,343
Y50,HYPA,Hydrangea Paniculata,0.018,5.3,5,,,344
Y50,ACGI,Acer Ginnala,0.018,12.9,13,,,345
Y50,CEOC,Celtis Occidentalis,0.018,9.2,9,,,346
Y50,CEOC,Celtis Occidentalis,0.018,6.6,7,,,347
Y51,THOC,Thuja Occidentalis,0.014,18,18,,,348
Y51,TACA,Taxus Canadensis,0.014,8.7,9,,,349
Y51,TACA,Taxus Canadensis,0.014,7.3,7,,,350
Y51,TACA,Taxus Canadensis,0.014,10.1,10,,,351
Y51,TACA,Taxus Canadensis,0.014,8.3,8,,,352
Y51,TACA,Taxus Canadensis,0.014,5.1,5,,,353
Y51,ACPA,Acer Palmatum,0.014,15.4,15,,,354
Y52,PIAB,Picea Abies,0.031,49.3,49,,,355
Y52,PNST,Pinus Strobus,0.031,30.9,31,,,356
Y53,ACPL,Acer Platanoides,0.032,9.9,10,*sarah,,357
Y53,SYVU,Syringa Vulgaris,0.032,4.9,5,,,358
Y54,FAGR,Fagus Grandifolia ,0.047,83.8,84,,,359
Y54,SYVU,Syringa Vulgaris,0.047,22.4,22,,,360
Y54,SYVU,Syringa Vulgaris,0.047,19.6,20,,,361
Y54,CTCO,Cotinus Coggygria,0.047,23.6,24,,,362
Y54,CTCO,Cotinus Coggygria,0.047,18.4,18,,,363
Y54,RHCA,Rhamnus Cathartica,0.047,5.2,5,,,364
Y54,PIRU,Picea Rubens,0.047,16.8,17,,,365
Y54,PIMA,Picea Mariana,0.047,18.8,19,,,366
Y54,PIAB,Picea Abies,0.047,20.9,21,,,367
Y54,BEAL,Betula Alleghaniensis,0.047,40.3,40,,,368
Y54,BEAL,Betula Alleghaniensis,0.047,35.4,35,,,369
Y54,EUAL,Euonymous Alatus,0.047,11.3,11,,,370
Y54,EUAL,Euonymous Alatus,0.047,32.3,32,,,371
Y54,VILE,VIburnum Lentago,0.047,32.6,33,,,372
Y54,SYVU,Syringa Vulgaris,0.047,30.4,30,,,373
Y54,SOAU,Sorbus Aucuparia,0.047,15.7,16,,,374
Y54,WEFL,Weigela Florida,0.047,12.4,12,,,375
Y54,THOC,Thuja Occidentalis,0.047,13.7,14,,,376
Y54,SYVU,Syngria Vulgaris,0.047,40.1,40,,,377
Y54,MOAL,Morus Alba,0.047,5.1,5,,,378
Y54,TACA,Taxus Canadensis,0.047,18.4,18,,,379
Y55,FASY,Fagus Sylvatica,0.02,22,22,,,380
Y55,PRVISC,Prunus Virginiana 'Schubert',0.02,21.6,22,,,381
Y55,PNST,Pinus Strobus,0.02,20.4,20,,,382
Y55,LALA,Larix Laricina,0.02,7.4,7,,,383
Y55,THOC,Thuja Occidentalis,0.02,5.7,6,,,384
Y55,TACA,Taxus Canadensis,0.02,8.5,9,,,385
Y55,TSCA,Tsuga Canadensis,0.02,20.6,21,,,386
Y56,TIAM,Tilia Americana,0.007,45.3,45,,,387
Y56,ACNE,Acer Negundo,0.007,22.5,23,,,388
Y56,ACPL,Acer Platanoides,0.007,45,45,,,389
Y57,MGXXSO,Magnolia x Soulangeana,0.017,7.4,7,,,390
Y57,SYVU,Syngria Vulgaris,0.017,39.5,40,,,391
Y57,PRAV,Prunus Pensylvanica,0.017,7.9,8,,,392
Y58,ACPL,Acer Platanoides,0.016,100.3,100,,,393
Y58,SYVU,Syngria Vulgaris,0.016,41.4,41,,,394
Y58,LOXY,Lonicera Xylosteum,0.016,14.1,14,,,395
Y58,LOXY,Lonicera Xylosteum,0.016,6.6,7,,,396
Y59,ACGI,Acer Ginnala,0.025,5.2,5,,,397
Y60,MABA,Malus Baccata,0.019,92.3,92,,,398
Y60,TACA,Taxus Canadensis,0.019,15.9,16,,,399
Y60,THOC,Thuja Occidentalis,0.019,42.7,43,,,400
Y60,THOC,Thuja Occidentalis,0.019,38.6,39,,,401
Y60,THOC,Thuja Occidentalis,0.019,31.4,31,,,402
Y60,THOC,Thuja Occidentalis,0.019,38.4,38,,,403
Y60,THOC,Thuja Occidentalis,0.019,17.3,17,,,404
Y60,THOC,Thuja Occidentalis,0.019,12.5,13,,,405
Y60,THOC,Thuja Occidentalis,0.019,11.4,11,,,406
Y60,THOC,Thuja Occidentalis,0.019,18.6,19,,,407
Y60,THOC,Thuja Occidentalis,0.019,15.4,15,,,408
Y60,THOC,Thuja Occidentalis,0.019,20.1,20,,,409
Y60,SYVU,Syringa Vulgaris,0.019,33.4,33,,,410
Y60,AEHI,Aesculus Hippocastanu,0.019,79.2,79,,,411
Y61,MABA,Malus Baccata,0.025,7.9,8,,,412
Y61,PRCR,Prunus Cerasus,0.025,5.3,5,,,413
Y61,MOAL,Morus Alba,0.025,7.7,8,,,414
Y61,SANI,Sambucus Nigra,0.025,5.1,5,,,415
Y61,WEFL,Weigela Florida,0.025,19.3,19,,,416
Y61,THOC,Thuja Occidentalis,0.025,26.6,27,,,417
Y61,THOC,Thuja Occidentalis,0.025,18.9,19,,,418
Y61,THOC,Thuja Occidentalis,0.025,25.3,25,,,419
Y61,THOC,Thuja Occidentalis,0.025,26.3,26,,,420
Y61,THOC,Thuja Occidentalis,0.025,22.4,22,,,421
Y61,EUAL,Euonymous Alatus,0.025,14.6,15,,,422
Y61,EUAL,Euonymous Alatus,0.025,15.6,16,,,423
Y62,ACPA,Acer Palmatum,0.021,8.4,8,,,424
Y62,ACPA,Acer Palmatum,0.021,6.3,6,,,425
Y62,ACPL,Acer Platanoides,0.021,19.7,20,,,426
Y62,ACNE,Acer Negundo,0.021,35.6,36,,,427
Y62,ACPL,Acer Platanoides,0.021,105.1,105,,,428
Y62,RHCA,Rhamnus Cathartica,0.021,5.3,5,,,429
Y62,ACPL,Acer Platanoides,0.021,15.6,16,,,430
Y62,ACPL,Acer Platanoides,0.021,5.1,5,,,431
Y62,ACPL,Acer Platanoides,0.021,78.8,79,,,432
Y62,ULAM,Ulmus Americana,0.021,12.9,13,,,433
Y62,ACNE,Acer Negundo,0.021,65.9,66,,,434
Y62,ACNE,Acer Negundo,0.021,33.8,34,,,435
Y62,ACNE,Acer Negundo,0.021,53.4,53,,,436
Y62,SYVU,Syringa Vulgaris,0.021,17.8,18,,,437
Y62,SYVU,Syringa Vulgaris,0.021,12.3,12,,,438
Y62,SYVU,Syringa Vulgaris,0.021,24.5,25,,,439
Y62,ACPA,Acer Palmatum,0.021,8.9,9,,,440
Y63,ACPL,Acer Platanoides,0.01,19.7,20,,,441
Y63,PRSE,Prunus Serotina,0.01,45.4,45,,,442
Y63,THOC,Thuja Occidentalis,0.01,8.4,8,,,443
Y63,THOC,Thuja Occidentalis,0.01,8.5,9,,,444
Y63,THOC,Thuja Occidentalis,0.01,9.4,9,,,445
Y63,THOC,Thuja Occidentalis,0.01,8.7,9,,,446
Y64,PIGL,Picea Glauca,0.034,13.7,14,,,447
Y64,TACA,Taxus Canadensis,0.034,56.8,57,,,448
Y64,SYVU,Syringa Vulgaris,0.034,8.5,9,,,449
Y64,PIGL,Picea Glauca,0.034,7.7,8,,,450
Y65,THOC,Thuja Occidentalis,0.016,9.7,10,,,451
Y65,THOC,Thuja Occidentalis,0.016,8.7,9,,,452
Y65,THOC,Thuja Occidentalis,0.016,7.8,8,,,453
Y65,THOC,Thuja Occidentalis,0.016,10,10,,,454
Y65,THOC,Thuja Occidentalis,0.016,8.8,9,,,455
Y65,THOC,Thuja Occidentalis,0.016,7.7,8,,,456
Y65,THOC,Thuja Occidentalis,0.016,5.6,6,,,457
Y65,THOC,Thuja Occidentalis,0.016,6.4,6,,,458
Y65,THOC,Thuja Occidentalis,0.016,12.3,12,,,459
Y65,THOC,Thuja Occidentalis,0.016,8.6,9,,,460
Y65,ACPL,Acer Platanoides,0.016,27,27,,,461
Y65,LOXY,Lonicera Xylosteum,0.016,67,67,,,462
Y65,EUAL,Euonymous Alatus,0.016,15.2,15,,,463
Y65,SYVU,Syringa Vulgaris,0.016,63.4,63,,,464
Y65,VILACO,Vitis Labrusca 'Concord',0.016,6.1,6,,,465
Y65,PYCO,Pyrus Communis,0.016,19.2,19,,,466
Y66,SOTO,Sorbus Torminalis,0.023,28.2,28,,,467
Y66,PIPU,Picea Pungens,0.023,36.9,37,,,468
Y66,CTCO,Cotinus Coggygria,0.023,40.2,40,,,469
Y66,PRSE,Prunus Serotina,0.023,8.2,8,,,470
Y66,PRVI,Prunus Virginiana,0.023,5.7,6,,,471
Y66,ACFR,Acer Freemannii,0.023,6.6,7,,,472
Y66,SYRE,Syringa Reticulata,0.023,15.8,16,,,473
Y66,SYRE,Syringa Reticulata,0.023,59.9,60,,,474
Y66,SYRE,Syringa Reticulata,0.023,39.6,40,,,475
Y66,SYRE,Syringa Reticulata,0.023,52.3,52,,,476
Y66,SYRE,Syringa Reticulata,0.023,16.1,16,,,477
Y67,PODE,Populus Deltoides,0.014,133.4,133,,,478
Y67,CEOC,Celtis Occidentalis,0.014,12.2,12,,,479
Y67,THOC,Thuja Occidentalis,0.014,13.2,13,,,480
Y67,THOC,Thuja Occidentalis,0.014,11.8,12,,,481
Y67,THOC,Thuja Occidentalis,0.014,15.7,16,,,482
Y67,THOC,Thuja Occidentalis,0.014,9.7,10,,,483
Y67,CEOC,Celtis Occidentalis,0.014,5.1,5,,,484
Y67,SYVU,Syringa Vulgaris,0.014,17.4,17,,,485
Y67,LOXY,Lonicera Xylosteum,0.014,25.6,26,,,486
Y68,SYVU,Syringa Vulgaris,0.015,18.3,18,,,487
Y68,THOC,Thuja Occidentalis,0.015,26.4,26,,,488
Y69,ACNE,Acer Negundo,0.02,81.2,81,,,489
Y69,ACNE,Acer Negundo,0.02,27.8,28,,,490
Y69,ACNE,Acer Negundo,0.02,27.8,28,,,491
Y69,CTCO,Cotinus Coggygria,0.02,8.2,8,,,492
Y69,RHCA,Rhamnus Cathartica,0.02,18.2,18,,,493
Y69,SYVU,Syringa Vulgaris,0.02,56.3,56,,,494
Y69,ULAM,Ulmus Americana,0.02,16.6,17,,,495
Y69,ULAM,Ulmus Americana,0.02,14.4,14,,,496
Y69,ULAM,Ulmus Americana,0.02,26.7,27,,,497
Y69,RHCA,Rhamnus Cathartica,0.02,16.8,17,,,498
Y69,LIAM,Linnaea Amabilis,0.02,14.9,15,,,499
Y70,COFL,Cornus Florida,0.015,4.8,5,,,500
Y70,MABA,Malus Baccata,0.015,14,14,,,501
Y71,ACPL,Acer Platanoides,0.037,27.6,28,,,502
Y71,ACPL,Acer Platanoides,0.037,16.2,16,,,503
Y71,THOC,Thuja Occidentalis,0.037,12.4,12,,,504
Y71,THOC,Thuja Occidentalis,0.037,11.1,11,,,505
Y71,THOC,Thuja Occidentalis,0.037,16,16,,,506
Y71,ACPL,Acer Platanoides,0.037,13.7,14,,,507
Y71,ACPL,Acer Platanoides,0.037,40.1,40,,,508
Y71,THOC,Thuja Occidentalis,0.037,11.5,12,,,509
Y71,THOC,Thuja Occidentalis,0.037,26.8,27,,,510
Y71,THOC,Thuja Occidentalis,0.037,16.4,16,,,511
Y71,ACPL,Acer Platanoides,0.037,4.8,5,,,512
Y71,THOC,Thuja Occidentalis,0.037,5.7,6,,,513
Y71,ACPL,Acer Platanoides,0.037,6,6,,,514
Y71,ACPL,Acer Platanoides,0.037,51.1,51,,,515
Y71,ACPL,Acer Platanoides,0.037,44.6,45,,,516
Y71,THOC,Thuja Occidentalis,0.037,39.6,40,,,517
Y71,PRVI,Prunus Virginiana,0.037,8.4,8,,,518
Y71,FRPR,Fraxinus Profunda,0.037,4.8,5,,,519
Y71,THOC,Thuja Occidentalis,0.037,19.9,20,,,520
Y71,THOC,Thuja Occidentalis,0.037,15.5,16,,,521
Y71,THOC,Thuja Occidentalis,0.037,16.3,16,,,522
Y71,PIGL,Picea Glauca,0.037,24,24,,,523
Y71,THOC,Thuja Occidentalis,0.037,27,27,,,524
Y72,CTCO,Cotinus Coggygria,0.015,18.5,19,,,525
Y72,EUAL,Euonymous Alatus,0.015,21.5,22,,,526
Y72,EUAL,Euonymous Alatus,0.015,22.4,22,,,527
Y73,TIAM,Tilia Americana,0.021,4.9,5,,,528
Y73,TIAM,Tilia Americana,0.021,11,11,,,529
Y73,ACSA,Acer Saccharinum,0.021,79,79,,,530
Y73,EUAL,Euonymous Alatus,0.021,4.8,5,,,531
Y73,PRCO,Prunus Communis,0.021,8.6,9,,,532
Y73,THOC,Thuja Occidentalis,0.021,13.8,14,,,533
Y73,THOC,Thuja Occidentalis,0.021,10.9,11,,,534
Y73,TACA,Taxus Canadensis,0.021,21.6,22,,,535
Y73,TACA,Taxus Canadensis,0.021,27.4,27,,,536
Y73,TACA,Taxus Canadensis,0.021,56.3,56,,,537
Y73,TACA,Taxus Canadensis,0.021,39.9,40,,,538
Y74,QUMA,Quercus Macrocarpa,0.022,10.8,11,,,539
Y74,RHCA,Rhamnus Cathartica,0.022,32.7,33,,,540
Y74,RHCA,Rhamnus Cathartica,0.022,5,5,,,541
Y74,PIAB,Picea Abies,0.022,4.6,5,,,542
Y74,PYCO,Pyrus Communis,0.022,30.5,31,,,543
Y74,PYCO,Pyrus Communis,0.022,29.5,30,,,544
Y74,THOC,Thuja Occidentalis,0.022,16,16,,,545
Y74,THOC,Thuja Occidentalis,0.022,21.2,21,,,546
Y74,THOC,Thuja Occidentalis,0.022,8.1,8,,,547
Y74,THOC,Thuja Occidentalis,0.022,10.6,11,,,548
Y74,THOC,Thuja Occidentalis,0.022,19.3,19,,,549
Y74,THOC,Thuja Occidentalis,0.022,16.3,16,,,550
Y74,THOC,Thuja Occidentalis,0.022,13.5,14,,,551
Y74,THOC,Thuja Occidentalis,0.022,14.7,15,,,552
Y74,THOC,Thuja Occidentalis,0.022,17.2,17,,,553
Y74,ACTA,Acer Tataricum,0.022,18.6,19,,,554
Y74,THOC,Thuja Occidentalis,0.022,11,11,,,555
Y74,THOC,Thuja Occidentalis,0.022,13.2,13,,,556
Y74,THOC,Thuja Occidentalis,0.022,8,8,,,557
Y74,THOC,Thuja Occidentalis,0.022,12.5,13,,,558
Y74,THOC,Thuja Occidentalis,0.022,8.6,9,,,559
Y74,THOC,Thuja Occidentalis,0.022,9.2,9,,,560
Y74,THOC,Thuja Occidentalis,0.022,7.2,7,,,561
Y74,THOC,Thuja Occidentalis,0.022,26.4,26,,,562
Y74,THOC,Thuja Occidentalis,0.022,18.7,19,,,563
Y74,THOC,Thuja Occidentalis,0.022,19.2,19,,,564
Y74,THOC,Thuja Occidentalis,0.022,5.1,5,,,565
Y74,THOC,Thuja Occidentalis,0.022,8.2,8,,,566
Y74,MAXXLO,"Malus ""Louisa""",0.022,8.4,8,,,567
Y75,CTSP,Catalpa Speciosa,0.035,32.5,33,,,568
Y75,SYVU,Syngria Vulgaris,0.035,31.1,31,,,569
Y75,PHVI,Philadelphus Virginalis,0.035,23.4,23,,,570
Y75,SYVU,Syngria Vulgaris,0.035,17.3,17,,,571
Y75,TACA,Taxus Canadensis,0.035,30.1,30,,,572
Y75,TACA,Taxus Canadensis,0.035,14.6,15,,,573
Y76,THOC,Thuja Occidentalis,0.02,17.7,18,,,574
Y76,ABBA,Abies Balsamea,0.02,7.2,7,,,575
Y76,ABBA,Abies Balsamea,0.02,8,8,,,576
Y76,THOC,Thuja Occidentalis,0.02,7,7,,,577
Y76,ABBA,Abies Balsamea,0.02,4.8,5,,,578
Y76,ABBA,Abies Balsamea,0.02,8.7,9,,,579
Y76,SOAU,Sorbus Aucuparia,0.02,20.6,21,,,580
Y77,PNNI,Pinus Nigra 'Austrian',0.013,43,43,,,581
Y77,HYPA,Hydrangea Paniculata,0.013,16.8,17,,,582
Y78,GLTR,Gleditsia Triacanthos,0.037,7.1,7,,,583
Y78,PRAV,Prunus Avium,0.037,60.4,60,,,584
Y78,AMCA,Amelanchier Canadensis,0.037,25.5,26,,,585
Y78,AMCA,Amelanchier Canadensis,0.037,30.5,31,,,586
Y78,AMCA,Amelanchier Canadensis,0.037,23,23,,,587
Y78,AMCA,Amelanchier Canadensis,0.037,27.9,28,,,588
Y79,ACSA,Acer Saccharinum,0.035,103.9,104,,,589
Y79,THOC,Thuja Occidentalis,0.035,4.6,5,,,590
Y79,THOC,Thuja Occidentalis,0.035,4.7,5,,,591
Y80,LOXY,Lonicera Xylosteum,0.022,18.8,19,,,592
Y80,ULXXFR,Ulmus 'Frontier',0.022,16.2,16,,,593
Y80,ULXXFR,Ulmus 'Frontier',0.022,41,41,,,594
Y80,SYVU,Syngria Vulgaris,0.022,35.7,36,,,595
Y80,THOC,Thuja Occidentalis,0.022,36.7,37,,,596
Y80,THOC,Thuja Occidentalis,0.022,19.9,20,,,597
Y80,THOC,Thuja Occidentalis,0.022,47.2,47,,,598
Y80,THOC,Thuja Occidentalis,0.022,8.4,8,,,599
Y80,THOC,Thuja Occidentalis,0.022,25.4,25,,,600
Y80,THOC,Thuja Occidentalis,0.022,26.9,27,,,601
Y80,THOC,Thuja Occidentalis,0.022,39.9,40,,,602
Y81,THOC,Thuja Occidentalis,0.033,7.6,8,,,603
Y81,THOC,Thuja Occidentalis,0.033,8.5,9,,,604
Y81,ACSA,Acer Saccharinum,0.033,135.2,135,,,605
Y81,EUAL,Euonymous Alatus,0.033,19.5,20,,,606
Y81,EUAL,Euonymous Alatus,0.033,21.4,21,,,607
Y81,MGXXSU,Magnolia 'Susan',0.033,29.5,30,,,608
Y81,MGXXSU,Magnolia 'Susan',0.033,16.6,17,,,609
Y81,TACA,Taxus Canadensis,0.033,12.8,13,,,610
Y81,PIAB,Picea Abies,0.033,5.2,5,,,611
Y81,CTCO,Cotinus Coggygria,0.033,30,30,,,612
Y81,THOC,Thuja Occidentalis,0.033,8.4,8,,,613
Y81,TACA,Taxus Canadensis,0.033,11.4,11,,,614
Y81,ACPA,Acer Palmatum,0.033,35.9,36,,,615
Y81,CHNO,Chamaecyparis Nootkatensis,0.033,11.6,12,,,616
Y81,ACPA,Acer Palmatum,0.033,7.1,7,,,617
Y81,ACPA,Acer Palmatum,0.033,8.4,8,,,618
Y81,SYRE,Syringa Reticulata,0.033,36.4,36,,,619
Y81,THOC,Thuja Occidentalis,0.033,10.3,10,,,620
Y81,THOC,Thuja Occidentalis,0.033,6,6,,,621
Y81,THOC,Thuja Occidentalis,0.033,7.3,7,,,622
Y81,CHPI,Chamaecyparis Pisifera,0.033,4.4,4,,,623
Y81,TACA,Taxus Canadensis,0.033,4.8,5,,,624
Y81,THOC,Thuja Occidentalis,0.033,5.1,5,,,625
Y81,THOC,Thuja Occidentalis,0.033,4.1,4,,,626
Y81,THOC,Thuja Occidentalis,0.033,4.5,5,,,627
Y81,THOC,Thuja Occidentalis,0.033,8,8,,,628
Y81,THOC,Thuja Occidentalis,0.033,7.4,7,,,629
Y81,GIBI,Gingko Biloba,0.033,22.7,23,,,630
Y82,PRVI,Prunus Virginiana,0.041,4.6,5,,,631
Y82,LYCH,Lycium Chinese,0.041,29,29,,,632
Y82,ROWO,Rosa Woodsii,0.041,12.1,12,,,633
Y82,ROWO,Rosa Woodsii,0.041,15.4,15,,,634
Y82,LOMA,Lonicera Maackii,0.041,29.1,29,,,635
Y82,RHCA,Rhamnus Cathartica,0.041,30.7,31,,,636
Y82,SYVU,Syringa Vulgaris,0.041,20,20,,,637
Y82,SYVU,Syringa Vulgaris,0.041,7.5,8,,,638
Y82,SYVU,Syringa Vulgaris,0.041,9.9,10,,,639
Y82,SYVU,Syringa Vulgaris,0.041,9.5,10,,,640
Y82,PRVI,Prunus Virginiana,0.041,10.5,11,,,641
Y82,MABA,Malus Baccata,0.041,39.8,40,,,642
Y82,MABA,Malus Baccata,0.041,33.2,33,,,643
Y82,HYQU,Hydrangea Quercifolia,0.041,9.7,10,,,644
Y82,EUAL,Euonymous Alatus,0.041,19.8,20,,,645
Y83,THOC,Thuja Occidentalis,0.039,16,16,,,646
Y83,THOC,Thuja Occidentalis,0.039,11.3,11,,,647
Y83,THOC,Thuja Occidentalis,0.039,9.3,9,,,648
Y83,THOC,Thuja Occidentalis,0.039,12.9,13,,,649
Y83,THOC,Thuja Occidentalis,0.039,11.5,12,,,650
Y83,THOC,Thuja Occidentalis,0.039,17.2,17,,,651
Y83,THOC,Thuja Occidentalis,0.039,10.7,11,,,652
Y83,THOC,Thuja Occidentalis,0.039,8.5,9,,,653
Y83,THOC,Thuja Occidentalis,0.039,8.1,8,,,654
Y83,THOC,Thuja Occidentalis,0.039,8.2,8,,,655
Y83,THOC,Thuja Occidentalis,0.039,9.6,10,,,656
Y83,THOC,Thuja Occidentalis,0.039,12.8,13,,,657
Y83,THOC,Thuja Occidentalis,0.039,7.8,8,,,658
Y83,THOC,Thuja Occidentalis,0.039,8.8,9,,,659
Y83,THOC,Thuja Occidentalis,0.039,9.7,10,,,660
Y83,THOC,Thuja Occidentalis,0.039,8.1,8,,,661
Y83,THOC,Thuja Occidentalis,0.039,8.9,9,,,662
Y83,THOC,Thuja Occidentalis,0.039,10.5,11,,,663
Y83,THOC,Thuja Occidentalis,0.039,13.1,13,,,664
Y83,THOC,Thuja Occidentalis,0.039,9,9,,,665
Y83,THOC,Thuja Occidentalis,0.039,7.5,8,,,666
Y83,THOC,Thuja Occidentalis,0.039,9.9,10,,,667
Y83,THOC,Thuja Occidentalis,0.039,9.2,9,,,668
Y83,THOC,Thuja Occidentalis,0.039,14.5,15,,,669
Y83,THOC,Thuja Occidentalis,0.039,10.4,10,,,670
Y83,THOC,Thuja Occidentalis,0.039,7.8,8,,,671
Y83,THOC,Thuja Occidentalis,0.039,7.9,8,,,672
Y83,THOC,Thuja Occidentalis,0.039,13.3,13,,,673
Y83,THOC,Thuja Occidentalis,0.039,6.8,7,,,674
Y83,THOC,Thuja Occidentalis,0.039,9.8,10,,,675
Y83,THOC,Thuja Occidentalis,0.039,17.4,17,,,676
Y83,THOC,Thuja Occidentalis,0.039,8.9,9,,,677
Y83,THOC,Thuja Occidentalis,0.039,13.6,14,,,678
Y83,THOC,Thuja Occidentalis,0.039,11.8,12,,,679
Y83,THOC,Thuja Occidentalis,0.039,7.9,8,,,680
Y83,THOC,Thuja Occidentalis,0.039,16.5,17,,,681
Y83,CTCO,Cotinus Coggygria,0.039,28.5,29,,,682
Y83,THOC,Thuja Occidentalis,0.039,56.4,56,,,683
Y83,EUAL,Euonymous Alatus,0.039,18.2,18,,,684
Y83,EUAL,Euonymous Alatus,0.039,11.1,11,,,685
Y83,EUAL,Euonymous Alatus,0.039,19,19,,,686
Y83,EUAL,Euonymous Alatus,0.039,15.8,16,,,687
Y83,EUAL,Euonymous Alatus,0.039,21,21,,,688
Y83,EUAL,Euonymous Alatus,0.039,26.7,27,,,689
Y83,CAAR,"Caragana Arborescens ""pendula""",0.039,6.1,6,,,690
Y83,EUAT,Euonymus Atropurpureus,0.039,14,14,,,691
Y83,EUAT,Euonymus Atropurpureus,0.039,15.2,15,,,692
Y84,THOC,Thuja Occidentalis,0.013,10.9,11,,,693
Y84,THOC,Thuja Occidentalis,0.013,10.1,10,,,694
Y84,THOC,Thuja Occidentalis,0.013,12.3,12,,,695
Y84,THOC,Thuja Occidentalis,0.013,11.7,12,,,696
Y84,THOC,Thuja Occidentalis,0.013,11.3,11,,,697
Y84,THOC,Thuja Occidentalis,0.013,18,18,,,698
Y84,PYCO,Pyrus Communis,0.013,35.8,36,,,699
Y84,JUCO,Juniperus Communis,0.013,19.8,20,,,700
Y85,PRVI,Prunus Virginiana,0.016,36.4,36,,,701
Y85,PIPU,Picea Pungens,0.016,18.6,19,,,702
Y85,SYVU,Syngria Vulgaris,0.016,5.1,5,,,703
Y85,LATA,Lonicera Tatarica ,0.016,18,18,,,704
Y85,PRVI,Prunus Virginiana,0.016,17,17,,,705
Y85,COFL,Cornus Florida,0.016,10.1,10,,,706
Y85,SYVU,Syringa Vulgaris,0.016,18,18,,,707
Y85,PRAV,Prunus Avium,0.016,11.3,11,,,708
Y86,MABA,Malus Baccata (cultivar?),0.012,18.8,19,,,709
Y86,SYVU,Syngria Vulgaris,0.012,32.8,33,,,710
Y86,CECA,Cercis Canadensis,0.012,5.1,5,,,711
Y86,ABBA,Abies Balsamea,0.012,14.6,15,,,712
Y86,ACPL,Acer Platanoides,0.012,15.8,16,,,713
Y87,SYVU,Syngria Vulgaris,0.011,69.5,70,,,714
Y88,MGXXSO,Magnolia x Soulangeana,0.042,55.3,55,,,715
Y88,MGXXSO,Magnolia x Soulangeana,0.042,96,96,,,716
Y88,ACPL,Acer Platanoides,0.042,7.8,8,,,717
Y88,ULAM,Ulmus Americana,0.042,7.4,7,,,718
Y88,FRAM,Fraxinus Americana,0.042,27.5,28,,,719
Y88,ULAM,Ulmus Americana,0.042,12.5,13,,,720
Y88,EUAT,Euonymus Atropurpureus,0.042,9.9,10,,,721
Y88,ULAM,Ulmus Americana,0.042,8.1,8,,,722
Y88,THOC,Thuja Occidentalis,0.042,7,7,,,723
Y88,BEPA,Betula Papyrifera,0.042,84.5,85,,,724
Y88,ACPL,Acer Platanoides,0.042,5.4,5,,,725
Y88,ACPA,Acer Palmatum,0.042,46.1,46,,,726
Y88,ACPA,Acer Palmatum,0.042,65,65,,,727
Y88,JUCO,Juniperus Communis,0.042,9.8,10,,,728
Y89,SYVU,Syngria Vulgaris,0.029,29.3,29,,,729
Y89,ULAM,Ulmus Americana,0.029,103.4,103,,,730
Y89,JUSC,Juniperus Scopulorum,0.029,4.9,5,,,731
Y89,JUSC,Juniperus Scopulorum,0.029,4.6,5,,,732
Y90,TACA,Taxus Canadensis,0.014,13.4,13,,,733
Y90,TACA,Taxus Canadensis,0.014,17.9,18,,,734
Y91,THOC,Thuja Occidentalis,0.039,15.6,16,,,735
Y91,THOC,Thuja Occidentalis,0.039,28.2,28,,,736
Y91,THOC,Thuja Occidentalis,0.039,7.6,8,,,737
Y91,THOC,Thuja Occidentalis,0.039,49.7,50,,,738
Y91,THOC,Thuja Occidentalis,0.039,18.8,19,,,739
Y91,THOC,Thuja Occidentalis,0.039,95.8,96,,,740
Y91,THOC,Thuja Occidentalis,0.039,24.1,24,,,741
Y91,THOC,Thuja Occidentalis,0.039,20.4,20,,,742
Y91,THOC,Thuja Occidentalis,0.039,16.6,17,,,743
Y91,THOC,Thuja Occidentalis,0.039,27.7,28,,,744
Y91,THOC,Thuja Occidentalis,0.039,14.2,14,,,745
Y91,THOC,Thuja Occidentalis,0.039,18.1,18,,,746
Y91,THOC,Thuja Occidentalis,0.039,16.1,16,,,747
Y91,THOC,Thuja Occidentalis,0.039,20.1,20,,,748
Y91,THOC,Thuja Occidentalis,0.039,22.1,22,,,749
Y91,THOC,Thuja Occidentalis,0.039,17,17,,,750
Y91,THOC,Thuja Occidentalis,0.039,10.6,11,,,751
Y91,THOC,Thuja Occidentalis,0.039,32.1,32,,,752
Y91,THOC,Thuja Occidentalis,0.039,75.8,76,,,753
Y91,THOC,Thuja Occidentalis,0.039,8.2,8,,,754
Y91,THOC,Thuja Occidentalis,0.039,13.6,14,,,755
Y91,THOC,Thuja Occidentalis,0.039,22.6,23,,,756
Y91,THOC,Thuja Occidentalis,0.039,12.4,12,,,757
Y91,THOC,Thuja Occidentalis,0.039,23.2,23,,,758
Y91,THOC,Thuja Occidentalis,0.039,19.4,19,,,759
Y91,THOC,Thuja Occidentalis,0.039,17.6,18,,,760
Y91,THOC,Thuja Occidentalis,0.039,17,17,,,761
Y91,THOC,Thuja Occidentalis,0.039,16.7,17,,,762
Y91,THOC,Thuja Occidentalis,0.039,18.5,19,,,763
Y91,THOC,Thuja Occidentalis,0.039,8,8,,,764
Y91,THOC,Thuja Occidentalis,0.039,14.2,14,,,765
Y91,THOC,Thuja Occidentalis,0.039,36.3,36,,,766
Y91,THOC,Thuja Occidentalis,0.039,22.4,22,,,767
Y91,THOC,Thuja Occidentalis,0.039,10.1,10,,,768
Y91,THOC,Thuja Occidentalis,0.039,7.2,7,,,769
Y91,THOC,Thuja Occidentalis,0.039,17.4,17,,,770
Y91,THOC,Thuja Occidentalis,0.039,13.6,14,,,771
Y91,THOC,Thuja Occidentalis,0.039,25.5,26,,,772
Y91,PIPU,Picea Pungens,0.039,30.1,30,,,773
Y92,ROPS,Robinia Pseudoacacia,0.034,4.5,5,,,774
Y92,CEJA,Cercidiphyllum Japonicum,0.034,5.3,5,,,775
Y92,PIPU,Picea Pungens,0.034,6.7,7,,,776
Y92,PIPU,Picea Pungens,0.034,5.4,5,,,777
Y93,PIPU,Picea Pungens,0.031,41.7,42,,,778
Y93,PIPU,Picea Pungens,0.031,27.7,28,,,779
Y93,PIPU,Picea Pungens,0.031,36.4,36,,,780
Y93,PIPU,Picea Pungens,0.031,26.3,26,,,781